<openerp>
	<data>
		<record id="view_invoice_line_tree_inherit" model="ir.ui.view">
            <field name="name">account.invoice.line.tree</field>
            <field name="model">account.invoice.line</field>
             <field name="inherit_id" ref="account.view_invoice_line_tree"/>
              <field name="arch" type="xml">
            	 <field name="price_subtotal" position="before">
                    <field name="Fodec"/>
                    <field name="montant_tva"/>
                   	<field name="montant_rem"/>  
<field name="ht"/>
                                          </field>
            </field>
        </record>
		<record id="invoice_form_inherit" model="ir.ui.view">
            <field name="name">account.invoice</field>
            <field name="model">account.invoice</field>
             <field name="inherit_id" ref="account.invoice_form"/>
              <field name="arch" type="xml">
            	 <field name="price_subtotal" position="before">
                    <field name="Fodec"/>

                    <field name="montant_rem" groups="sale.group_discount_per_so_line"/> 
                      <field name="ht"/>
                     	
                    <field name="montant_tva"/> 
                </field>
                 <field name="amount_tax" position="after">
                     <field name="amount_fodec"/>
                    <field name="amount_remise" groups="sale.group_discount_per_so_line"/>  	
                    <field name="amount_net"/>
                    	
                   <field name="amount_timbre"/> 	 	
                </field>
                 <field name="payment_term" position="before">
                 	 <field name="lettre"/> 	
                 	</field>
            </field>
        </record>
		
		  <report
            auto="False"
            header="True"
            id="report_invoice "
            model="account.invoice"
            name="account.invoice" 
            rml="account_timbre/report/invoice.rml"
            string="Facture" 
           />
       
		
		
	</data>
</openerp>