<openerp>
	 <data noupdate="1">
		
	 	  <!--
        TIMBRE FISCAL
        -->
        <record id="timbre_fiscal" model="product.product">
            <field name="list_price">0.500</field>
            <field name="standard_price">0.500</field>
            <field name="uom_id" ref="product.product_uom_hour"/>
            <field name="uom_po_id" ref="product.product_uom_hour"/>
            <field name="name">Timbre Fiscal</field>
            <field name="categ_id" ref="product.product_category_all"/>
            <field name="type">service</field>
        </record>
	 	
	 	
	 	
	 	
	 	
	</data>
</openerp>